,name,texts_number,texts_percent
1,Adrian Esa,1,0.00038491147036181676
2,Adriano Dell'Asta,1,0.00038491147036181676
3,Aina Rudzroga,2,0.0007698229407236335
4,Alena Morávková,2,0.0007698229407236335
5,Alessandro Lazzari,2,0.0007698229407236335
6,Alexander Eliasberg,10,0.003849114703618168
7,Alexis Berelowitch,3,0.0011547344110854503
8,Andreas Tretner,3,0.0011547344110854503
9,Andrejs Kurcijs,2,0.0007698229407236335
10,Andrew R. MacAndrew,1,0.00038491147036181676
11,André Markowicz,2,0.0007698229407236335
12,Andrzej Stawar,1,0.00038491147036181676
13,Anna Grēviņa,9,0.003464203233256351
14,Anna Ozola-Sakse,1,0.00038491147036181676
15,Antonina W. Bouis,1,0.00038491147036181676
16,Antonio Bonnana,1,0.00038491147036181676
17,Argia Michettoni,1,0.00038491147036181676
18,Arthur Adamov,1,0.00038491147036181676
19,Arthur Luther,1,0.00038491147036181676
20,August Scholz,2,0.0007698229407236335
21,Bengt Jangfeldt,1,0.00038491147036181676
22,Bernard Isaacs,16,0.006158583525789068
23,Bernard Kreise,2,0.0007698229407236335
24,Bohumil Mathesius,1,0.00038491147036181676
25,Brian Pearce,1,0.00038491147036181676
26,Bruno Osimo,1,0.00038491147036181676
27,Bruno Sermonne,1,0.00038491147036181676
28,C. J. Hogarth,4,0.001539645881447267
29,Carlos Robles,1,0.00038491147036181676
30,Christine Zeytounian-Beloüs,1,0.00038491147036181676
31,Claire von Glümer,1,0.00038491147036181676
32,Clara Brauner,1,0.00038491147036181676
33,Claude Ligny,3,0.0011547344110854503
34,Claudia Zonghetti,3,0.0011547344110854503
35,Clemente Rebora,1,0.00038491147036181676
36,Constance Black Garnett,2,0.0007698229407236335
37,Constance Garnett,47,0.018090839107005388
38,Costantino Di Paola,1,0.00038491147036181676
39,Cristina Bongiorno,2,0.0007698229407236335
40,D. Bubinas,1,0.00038491147036181676
41,D. J. Hogarth,6,0.0023094688221709007
42,Daria Mangione,2,0.0007698229407236335
43,David Floyd,1,0.00038491147036181676
44,David Skvirsky,1,0.00038491147036181676
45,Dmitri Nabokov,57,0.021939953810623556
46,Duchessa D'Andria,1,0.00038491147036181676
47,E. K. Rahsin,1,0.00038491147036181676
48,E. Viskanta,1,0.00038491147036181676
49,Elin Parkman,1,0.00038491147036181676
50,Elizabeth Chandler,1,0.00038491147036181676
51,Ellen Ryddelius,1,0.00038491147036181676
52,Emanuela Guercetti,2,0.0007698229407236335
53,Enrique Fernandez Vernet,1,0.00038491147036181676
54,Eridano Bazzarelli,1,0.00038491147036181676
55,Erik Jonsson,1,0.00038491147036181676
56,Ester Riwkin,3,0.0011547344110854503
57,Eugenio Wenceslao Foulques,4,0.001539645881447267
58,Eve Manning,6,0.0023094688221709007
59,Édouard Parayre,1,0.00038491147036181676
60,Élisabeth Guertik,1,0.00038491147036181676
61,F. Mariano,1,0.00038491147036181676
62,Fausto Malcovati,2,0.0007698229407236335
63,Federica Aceto,1,0.00038491147036181676
64,Federigo Verdinois,1,0.00038491147036181676
65,Fega Frisch,1,0.00038491147036181676
66,Francesca Legittimo,1,0.00038491147036181676
67,Françoise Flamant,1,0.00038491147036181676
68,Franklin P. Abbott,1,0.00038491147036181676
69,Fred Ottow,1,0.00038491147036181676
70,Friedrich Kõlli,1,0.00038491147036181676
71,Friedrich von Bodenstedt,2,0.0007698229407236335
72,Ganna-Maria Braungardt,1,0.00038491147036181676
73,George H. Hanna,1,0.00038491147036181676
74,Giorgio Kraiski,1,0.00038491147036181676
75,Giovanna Moracci,1,0.00038491147036181676
76,Giulia Arborio Mella,1,0.00038491147036181676
77,Giuseppe Garritano,1,0.00038491147036181676
78,Harald Haug,1,0.00038491147036181676
79,Helen Salts Jacobson,11,0.004234026173979984
80,Henryk Chłystowski,2,0.0007698229407236335
81,Herman Bernstein,1,0.00038491147036181676
82,Hermann Röhl,10,0.003849114703618168
83,Hjalmar Dahl,1,0.00038491147036181676
84,Ilaria Sara Riccio,1,0.00038491147036181676
85,Irena Lewandowska,3,0.0011547344110854503
86,Irene Tchernowa,1,0.00038491147036181676
87,Irina Ilovajskaja Alberti,2,0.0007698229407236335
88,Isabel F. Hapgood,1,0.00038491147036181676
89,Isabelle Kolitcheff,1,0.00038491147036181676
90,J. H. Wisdom,1,0.00038491147036181676
91,J. M. Shirazi,1,0.00038491147036181676
92,J. P. Zajączkowski,1,0.00038491147036181676
93,Jacques Michaut-Paterno,2,0.0007698229407236335
94,Jarl Hemmer,1,0.00038491147036181676
95,Jarmila Wagsteinová,2,0.0007698229407236335
96,Jānis Ozols,3,0.0011547344110854503
97,Joe Fineberg,1,0.00038491147036181676
98,Johanna Lindbladh,1,0.00038491147036181676
99,John Richardson,1,0.00038491147036181676
100,Jolanta Pētersone,1,0.00038491147036181676
101,Josef Riwkin,3,0.0011547344110854503
102,Justo E. Vasco,1,0.00038491147036181676
103,Kārlis Egle,1,0.00038491147036181676
104,Korfiz Holm,1,0.00038491147036181676
105,L. Navrozov,72,0.02771362586605081
106,Laima Rūmniece,2,0.0007698229407236335
107,Larissa Volokhonsky,1,0.00038491147036181676
108,Lars Erik Blomqvist,2,0.0007698229407236335
109,Lars Kleberg,4,0.001539645881447267
110,Laura Salmon,2,0.0007698229407236335
111,Lauris Veips,1,0.00038491147036181676
112,Lembe Hiedel,1,0.00038491147036181676
113,Leoš Suchařípa,1,0.00038491147036181676
114,Louis Viardot,1,0.00038491147036181676
115,Louise and Aylmer Maude,7,0.0026943802925327174
116,Luba Jurgenson,1,0.00038491147036181676
117,Luciana Montagnini,1,0.00038491147036181676
118,Lucy Flaxman,1,0.00038491147036181676
119,M. Lesage,1,0.00038491147036181676
120,MW,1,0.00038491147036181676
121,Marco Binni,1,0.00038491147036181676
122,Margaret Wettlin,1,0.00038491147036181676
123,Margherita Crepax,1,0.00038491147036181676
124,Maria Bianca Luporini,2,0.0007698229407236335
125,Maria Campatelli,1,0.00038491147036181676
126,Marie H. de Zielinska,1,0.00038491147036181676
127,Marr Murray,1,0.00038491147036181676
128,Marta Terzoli,1,0.00038491147036181676
129,Matteo Gozzi,1,0.00038491147036181676
130,Michael Glenny,1,0.00038491147036181676
131,Michael Pfeiffer,3,0.0011547344110854503
132,Michael Scammel,2,0.0007698229407236335
133,Michał Kłobukowski,1,0.00038491147036181676
134,Michel-Rostislav Hofmann,2,0.0007698229407236335
135,Milan Korejs,1,0.00038491147036181676
136,Morgan Malié,1,0.00038491147036181676
137,N. H. Dole,1,0.00038491147036181676
138,Naděžda Slabihoudová,1,0.00038491147036181676
139,Nick,1,0.00038491147036181676
140,Ojārs Vācietis,1,0.00038491147036181676
141,Oskars Kalnciems,3,0.0011547344110854503
142,Oto Brikšķis,1,0.00038491147036181676
143,Paolo Biloni,1,0.00038491147036181676
144,Paolo Nori,1,0.00038491147036181676
145,Paolo Zirulia,2,0.0007698229407236335
146,Paulis Kalva,7,0.0026943802925327174
147,Pavel Dominik,1,0.00038491147036181676
148,Peter Constantine,66,0.025404157043879907
149,Peter Pertzov,2,0.0007698229407236335
150,Pia Pera,1,0.00038491147036181676
151,Pierre Baccheretti,1,0.00038491147036181676
152,Pietro Zveteremich,2,0.0007698229407236335
153,Polledro,1,0.00038491147036181676
154,R. Prokofieva,2,0.0007698229407236335
155,Raissa Bobrova,6,0.0023094688221709007
156,Reggio,1,0.00038491147036181676
157,Regīna Ezera,6,0.0023094688221709007
158,René Śliwowski,7,0.0026943802925327174
159,Ricardo San Vicente,2,0.0007698229407236335
160,Richard Pevear,1,0.00038491147036181676
161,Rinaldo Kufferle,1,0.00038491147036181676
162,Robert Chandler,4,0.001539645881447267
163,Robert Daglish and K. M. Cook-Horujy,9,0.003464203233256351
164,Rochelle S. Townsend,1,0.00038491147036181676
165,Rose Prokofieva,12,0.004618937644341801
166,Rudolf Kassner,1,0.00038491147036181676
167,S. Pollak,1,0.00038491147036181676
168,S. Rauhvargere,1,0.00038491147036181676
169,Serena Vitale,4,0.001539645881447267
170,Sergio Leone,1,0.00038491147036181676
171,Sergio Rapetti,3,0.0011547344110854503
172,Simone Ferroni,1,0.00038491147036181676
173,Sophie Benech,3,0.0011547344110854503
174,Staffan Dahl,2,0.0007698229407236335
175,Staffan Skott,5,0.001924557351809084
176,Stefania Persano,1,0.00038491147036181676
177,Stepan Apresyan,7,0.0026943802925327174
178,Sture Nilsson,1,0.00038491147036181676
179,Suzanne Rozenberg,4,0.001539645881447267
180,Sven Vallmark,1,0.00038491147036181676
181,T. Stępniewski,1,0.00038491147036181676
182,Tatjana Jarmolinska,1,0.00038491147036181676
183,Tiito Himma,1,0.00038491147036181676
184,Tonia Galievsky,1,0.00038491147036181676
185,Tora Bergengren,1,0.00038491147036181676
186,Valdis Grēviņš,5,0.001924557351809084
187,Valerio Piccolo,1,0.00038491147036181676
188,Valija Brulāne,1,0.00038491147036181676
189,Vera Dridso,2,0.0007698229407236335
190,Vilma Matsov,1,0.00038491147036181676
191,Wacław Rogowicz,2,0.0007698229407236335
192,Walborg Hedberg,2,0.0007698229407236335
193,Wilhelm Lange,1,0.00038491147036181676
194,William E. Smith,2,0.0007698229407236335
195,Witold Dąbrowski,2,0.0007698229407236335
196,inosmi.ru,238,0.09160892994611239
197,studenti del Master ELEO: Lisa Melis,1,0.00038491147036181676
198,www.cerkva.od.ua,1,0.00038491147036181676
199,www.happydoctor.ru,1,0.00038491147036181676
200,Є. Лукін,1,0.00038491147036181676
201,Є. Сверстюк,1,0.00038491147036181676
202,І. Андрусяк,3,0.0011547344110854503
203,І. Майстренко,1,0.00038491147036181676
204,І. Сенченко,3,0.0011547344110854503
205,І. Щербина,1,0.00038491147036181676
206,А. А. Афиногенова,5,0.001924557351809084
207,А. А. Руденко-Десняк,25,0.00962278675904542
208,А. Афанасьев,1,0.00038491147036181676
209,А. Белов,3,0.0011547344110854503
210,А. Белорус,1,0.00038491147036181676
211,А. Бражкина,3,0.0011547344110854503
212,А. В. Кривцова,3,0.0011547344110854503
213,А. В. Савинов,1,0.00038491147036181676
214,А. В. Савицкая,4,0.001539645881447267
215,А. Ведюшкин,1,0.00038491147036181676
216,А. Г. Островский,9,0.003464203233256351
217,А. Григорук,1,0.00038491147036181676
218,А. Деев,10,0.003849114703618168
219,А. Дейч,8,0.003079291762894534
220,А. Дмитриев,1,0.00038491147036181676
221,А. Долинин,2,0.0007698229407236335
222,А. Е. Рудоманова,3,0.0011547344110854503
223,А. Зеленина,1,0.00038491147036181676
224,А. Ибрагимов,1,0.00038491147036181676
225,А. Ильф,1,0.00038491147036181676
226,А. Кондюрина,1,0.00038491147036181676
227,А. Косс,1,0.00038491147036181676
228,А. Костецький,1,0.00038491147036181676
229,А. Лавруша,1,0.00038491147036181676
230,А. Миронов,1,0.00038491147036181676
231,А. Морозов,1,0.00038491147036181676
232,А. Москвичева,1,0.00038491147036181676
233,А. Мясников,3,0.0011547344110854503
234,А. Н. Анваер,1,0.00038491147036181676
235,А. Островский,8,0.003079291762894534
236,А. Петров,1,0.00038491147036181676
237,А. Прокофьев,1,0.00038491147036181676
238,А. Пустогаров,5,0.001924557351809084
239,А. Рогачева,1,0.00038491147036181676
240,А. Роскопыт,1,0.00038491147036181676
241,А. Рябинина,1,0.00038491147036181676
242,А. С.,1,0.00038491147036181676
243,А. Смородина,1,0.00038491147036181676
244,А. Ставиская,1,0.00038491147036181676
245,А. Старостин,2,0.0007698229407236335
246,А. Тадеосян,1,0.00038491147036181676
247,А. Тонкель,3,0.0011547344110854503
248,А. Хуторян,10,0.003849114703618168
249,А. Чеснокова,3,0.0011547344110854503
250,А. Шадрин,1,0.00038491147036181676
251,А. Ю. Терещенко,1,0.00038491147036181676
252,Агей Гатов,1,0.00038491147036181676
253,Ал. Дейч,2,0.0007698229407236335
254,Александр Довженко,7,0.0026943802925327174
255,Алексей Дживелегов,1,0.00038491147036181676
256,Алена Пятровіч,1,0.00038491147036181676
257,Алесь Адамовіч,1,0.00038491147036181676
258,Алесь Бачыла,1,0.00038491147036181676
259,Алесь Жук,4,0.001539645881447267
260,Алесь Якімовіч,1,0.00038491147036181676
261,Анатолій Григорук,1,0.00038491147036181676
262,Анатолій Камінчук,1,0.00038491147036181676
263,Анатолій Купрієнко,13,0.0050038491147036184
264,Ангел Каралийчев,1,0.00038491147036181676
265,Андрей Пустогаров,1,0.00038491147036181676
266,Андрэй Курэйчык,1,0.00038491147036181676
267,Антон Адамовіч,1,0.00038491147036181676
268,Антін Харченко,1,0.00038491147036181676
269,Асен Траянов,1,0.00038491147036181676
270,Атанас Далчев,1,0.00038491147036181676
271,Б. Бурьян,3,0.0011547344110854503
272,Б. Грифцов,1,0.00038491147036181676
273,Б. Д. Антоненко-Давидович,1,0.00038491147036181676
274,Б. Д. Прозоровская,1,0.00038491147036181676
275,Б. Е. Мескин,1,0.00038491147036181676
276,Б. Заходер,2,0.0007698229407236335
277,Б. Изаков,1,0.00038491147036181676
278,Б. Попель,1,0.00038491147036181676
279,Б. Слуцкий,1,0.00038491147036181676
280,Б. Турганов,3,0.0011547344110854503
281,Б. Яковлев,2,0.0007698229407236335
282,Белов,1,0.00038491147036181676
283,Борис Мисирков,4,0.001539645881447267
284,Біблійная Камісія Беларускай Праваслаўнай Царквы,3,0.0011547344110854503
285,В. А. Жиженко,1,0.00038491147036181676
286,В. А. Смирнов,2,0.0007698229407236335
287,В. Беркович,1,0.00038491147036181676
288,В. Вальдман,1,0.00038491147036181676
289,В. Вильнис,2,0.0007698229407236335
290,В. Воронин,2,0.0007698229407236335
291,В. Гобарев,2,0.0007698229407236335
292,В. Голышев,1,0.00038491147036181676
293,В. Доронин,2,0.0007698229407236335
294,В. Дорошенко,1,0.00038491147036181676
295,В. Дуткевич,3,0.0011547344110854503
296,В. Жиженко,2,0.0007698229407236335
297,В. Карасева,4,0.001539645881447267
298,В. Каррик,1,0.00038491147036181676
299,В. Л. Британишский,1,0.00038491147036181676
300,В. Мамонова,1,0.00038491147036181676
301,В. Машков,1,0.00038491147036181676
302,В. Микушевич,1,0.00038491147036181676
303,В. Минушин,1,0.00038491147036181676
304,В. Мрочек,1,0.00038491147036181676
305,В. Муравьев,1,0.00038491147036181676
306,В. Н. Богачев,3,0.0011547344110854503
307,В. Н. С.,1,0.00038491147036181676
308,В. П. Мамонова,1,0.00038491147036181676
309,В. Розанов,1,0.00038491147036181676
310,В. Ругайс,1,0.00038491147036181676
311,В. Рудов,1,0.00038491147036181676
312,В. Севрук,1,0.00038491147036181676
313,В. Скоморовский,1,0.00038491147036181676
314,В. Соловьев,1,0.00038491147036181676
315,В. Сологуб,1,0.00038491147036181676
316,В. Станевич,3,0.0011547344110854503
317,В. Сухорукова,1,0.00038491147036181676
318,В. Тарас,2,0.0007698229407236335
319,В. Тарсис,5,0.001924557351809084
320,В. Топер,2,0.0007698229407236335
321,В. Фляк,2,0.0007698229407236335
322,В. Хинкис,3,0.0011547344110854503
323,В. Чепайтис,21,0.008083140877598153
324,В. Шаповал,2,0.0007698229407236335
325,В. Шкляр,1,0.00038491147036181676
326,В. Штенгель,1,0.00038491147036181676
327,В. Штернберг,1,0.00038491147036181676
328,В. Щепотев,1,0.00038491147036181676
329,В. Эрлихман,1,0.00038491147036181676
330,Вадим Филиппов,1,0.00038491147036181676
331,Валентина Давиденкова,1,0.00038491147036181676
332,Валентина Щедрина,8,0.003079291762894534
333,Валерий Николаев,1,0.00038491147036181676
334,Валерий Стрелко,2,0.0007698229407236335
335,Валерій Шевчук,29,0.011162432640492687
336,Валянцін Рабкевіч,1,0.00038491147036181676
337,Ванкарем Никифорович,1,0.00038491147036181676
338,Василь Быков,12,0.004618937644341801
339,Василь Сёмуха,1,0.00038491147036181676
340,Венцел Райчев,10,0.003849114703618168
341,Вера Вярба,1,0.00038491147036181676
342,Вера Набокова,2,0.0007698229407236335
343,Вера Рубер,1,0.00038491147036181676
344,Вера Селиванова,1,0.00038491147036181676
345,Вика Дорошенко,2,0.0007698229407236335
346,Виктор Леденев,1,0.00038491147036181676
347,Виктор Лукинов,1,0.00038491147036181676
348,Виктор Петровьский,1,0.00038491147036181676
349,Вл. Россельс,15,0.005773672055427252
350,Владимир Жиженко,1,0.00038491147036181676
351,Владимир Короткевич,1,0.00038491147036181676
352,Владимир Набоков,53,0.02040030792917629
353,Вс. Рождественский,2,0.0007698229407236335
354,Вукол Лавров,1,0.00038491147036181676
355,Віра Бідова,1,0.00038491147036181676
356,Віталій Геник,5,0.001924557351809084
357,Г. А. Островская,7,0.0026943802925327174
358,Г. Барабтарло,1,0.00038491147036181676
359,Г. Глазов,1,0.00038491147036181676
360,Г. Игнатович,36,0.013856812933025405
361,Г. Квитка-Основьяненко,1,0.00038491147036181676
362,Г. Конюшков,1,0.00038491147036181676
363,Г. Косов,1,0.00038491147036181676
364,Г. Куренева,1,0.00038491147036181676
365,Г. Попов,4,0.001539645881447267
366,Г. Рубцова,1,0.00038491147036181676
367,Г. Смирнов,2,0.0007698229407236335
368,Г. Снимщикова,1,0.00038491147036181676
369,Г. Цейтлин,1,0.00038491147036181676
370,Г. Черняхівський,1,0.00038491147036181676
371,Г. Шарангович,4,0.001539645881447267
372,Г. Шипов,23,0.008852963818321785
373,Г. Шумилова,1,0.00038491147036181676
374,Г. Эгерман,1,0.00038491147036181676
375,Г. Языкова,1,0.00038491147036181676
376,Галина Пагутяк,1,0.00038491147036181676
377,Геннадий Киселев,1,0.00038491147036181676
378,Геннадий Киселев,2,0.0007698229407236335
379,Георги Константинов,2,0.0007698229407236335
380,Герман Абрамов,1,0.00038491147036181676
381,Григорий Петников,27,0.010392609699769052
382,Григорий Петников,16,0.006158583525789068
383,Гөлсирә Ғиззатуллина,1,0.00038491147036181676
384,Д. Вейс,1,0.00038491147036181676
385,Д. Вознякевич,1,0.00038491147036181676
386,Д. Выгодский,1,0.00038491147036181676
387,Д. Каравкина,1,0.00038491147036181676
388,Д. Ковалев,3,0.0011547344110854503
389,Д. Кыйв,1,0.00038491147036181676
390,Д. Лившиц,1,0.00038491147036181676
391,Д. Мишне,1,0.00038491147036181676
392,Д. П. Понтекорво,1,0.00038491147036181676
393,Д. Подберезский,1,0.00038491147036181676
394,Д. Усов,1,0.00038491147036181676
395,Даши Чернинов,1,0.00038491147036181676
396,Дм. Брускин,1,0.00038491147036181676
397,Діодор Бобир,1,0.00038491147036181676
398,Е. А. Паклина,1,0.00038491147036181676
399,Е. А. Суриц,3,0.0011547344110854503
400,Е. Аксельрод,1,0.00038491147036181676
401,Е. Барон,1,0.00038491147036181676
402,Е. Бекетова,1,0.00038491147036181676
403,Е. Вайсброт,4,0.001539645881447267
404,Е. Васильева,1,0.00038491147036181676
405,Е. Весенин,14,0.005388760585065435
406,Е. Вильмонт,1,0.00038491147036181676
407,Е. Гальцова,1,0.00038491147036181676
408,Е. Голышева,2,0.0007698229407236335
409,Е. Е. Рудоманова,1,0.00038491147036181676
410,Е. Егорова,9,0.003464203233256351
411,Е. И. Серебро,1,0.00038491147036181676
412,Е. Калашникова,5,0.001924557351809084
413,Е. Каменская,1,0.00038491147036181676
414,Е. Л. Ланн,1,0.00038491147036181676
415,Е. Лысенко,2,0.0007698229407236335
416,Е. Любимова,1,0.00038491147036181676
417,Е. М. Егорова,2,0.0007698229407236335
418,Е. М. Чевкина,2,0.0007698229407236335
419,Е. М. Чистякова-Вэр,3,0.0011547344110854503
420,Е. Мариничева,3,0.0011547344110854503
421,Е. Маркова,1,0.00038491147036181676
422,Е. Михалевич,1,0.00038491147036181676
423,Е. Мозольков,10,0.003849114703618168
424,Е. Н. Троповский,2,0.0007698229407236335
425,Е. Н. Хохлова,1,0.00038491147036181676
426,Е. Нежинцев,3,0.0011547344110854503
427,Е. П. Йонайтене,1,0.00038491147036181676
428,Е. Панаско,1,0.00038491147036181676
429,Е. Полонская,1,0.00038491147036181676
430,Е. Рифтина,1,0.00038491147036181676
431,Е. Суриц,3,0.0011547344110854503
432,Е. Ф. Усиевич,2,0.0007698229407236335
433,Е. Цветков,4,0.001539645881447267
434,Е. Чеповецкий,1,0.00038491147036181676
435,Ева Эн,1,0.00038491147036181676
436,Евгения Чуприна,1,0.00038491147036181676
437,Едіт Богацька,2,0.0007698229407236335
438,Елена Костюкович,2,0.0007698229407236335
439,Елена Молочковская,1,0.00038491147036181676
440,Елена Щербань,2,0.0007698229407236335
441,Жанна Эзит,3,0.0011547344110854503
442,З. Баблоян,1,0.00038491147036181676
443,З. Венгерова,1,0.00038491147036181676
444,З. Вершинина,2,0.0007698229407236335
445,З. Крахмальникова,1,0.00038491147036181676
446,З. Островская,1,0.00038491147036181676
447,З. Петрушэня,1,0.00038491147036181676
448,Здравка Петрова,3,0.0011547344110854503
449,Земфира СӘХИПОВА,1,0.00038491147036181676
450,Златко Стайков,2,0.0007698229407236335
451,И. Айзеншток,2,0.0007698229407236335
452,И. Бессмертная,2,0.0007698229407236335
453,И. В. Дмоховская,1,0.00038491147036181676
454,И. Волевич,1,0.00038491147036181676
455,И. Гурова,1,0.00038491147036181676
456,И. Данилов,1,0.00038491147036181676
457,И. Дорба,5,0.001924557351809084
458,И. Каримов,1,0.00038491147036181676
459,И. Конюшенко,1,0.00038491147036181676
460,И. Лейтнер,1,0.00038491147036181676
461,И. М. Бернштейн,1,0.00038491147036181676
462,И. Новосельцева,1,0.00038491147036181676
463,И. С. Маршак,1,0.00038491147036181676
464,И. Сид,1,0.00038491147036181676
465,И. Смагин,1,0.00038491147036181676
466,И. Татаринова,2,0.0007698229407236335
467,И. Тогоева,1,0.00038491147036181676
468,И. Токмакова,1,0.00038491147036181676
469,И. Ф. Карабутенко,1,0.00038491147036181676
470,И. Щербина,1,0.00038491147036181676
471,Ив. Дорба,84,0.03233256351039261
472,Ива Митева,1,0.00038491147036181676
473,Иван Бурсов,1,0.00038491147036181676
474,Иван Добрев,1,0.00038491147036181676
475,Иван Карабутенко,2,0.0007698229407236335
476,Иван Костов,1,0.00038491147036181676
477,Иван Чигринов,3,0.0011547344110854503
478,Игорь Лосев,1,0.00038491147036181676
479,Идалия Кононец,1,0.00038491147036181676
480,Инна Сергеева,2,0.0007698229407236335
481,Ирина Климашевская,1,0.00038491147036181676
482,Ирина Константинова,1,0.00038491147036181676
483,Ирина Марченко,3,0.0011547344110854503
484,Ирина Соболева,1,0.00038491147036181676
485,Ирина Солодченко,1,0.00038491147036181676
486,Ирина Шкаровская,2,0.0007698229407236335
487,К. Васюков,1,0.00038491147036181676
488,К. Локс,1,0.00038491147036181676
489,К. М. Жихарева,1,0.00038491147036181676
490,К. Млинченко,1,0.00038491147036181676
491,К. Морозов,1,0.00038491147036181676
492,К. Телятников,1,0.00038491147036181676
493,К. Трофимов,7,0.0026943802925327174
494,К. Черкашин,36,0.013856812933025405
495,К. Чуковский,1,0.00038491147036181676
496,К. Я. Старосельская,2,0.0007698229407236335
497,Кандрат Крапіва,1,0.00038491147036181676
498,Кастусь Тарасаў,3,0.0011547344110854503
499,Катя Койчева,1,0.00038491147036181676
500,Кирил Георгиев,1,0.00038491147036181676
501,Константин Константинов,1,0.00038491147036181676
502,Кузьма Чорны,1,0.00038491147036181676
503,Л. Є. Вовчик,1,0.00038491147036181676
504,Л. Беспалова,1,0.00038491147036181676
505,Л. Блюмфельд,15,0.005773672055427252
506,Л. Білецький,1,0.00038491147036181676
507,Л. В. Стародубцева,2,0.0007698229407236335
508,Л. Василенко,1,0.00038491147036181676
509,Л. Володарский,1,0.00038491147036181676
510,Л. К. Чуковская,1,0.00038491147036181676
511,Л. Капылова,1,0.00038491147036181676
512,Л. Конрад,1,0.00038491147036181676
513,Л. Лубей,32,0.012317167051578136
514,Л. Лукіна,1,0.00038491147036181676
515,Л. Лунгина,1,0.00038491147036181676
516,Л. Лялина,2,0.0007698229407236335
517,Л. М. Цывьян,1,0.00038491147036181676
518,Л. Нестеренко,41,0.01578137028483449
519,Л. Письменна,1,0.00038491147036181676
520,Л. Раковский,3,0.0011547344110854503
521,Л. Салавей,5,0.001924557351809084
522,Л. Сеславина,1,0.00038491147036181676
523,Л. Силаєва,1,0.00038491147036181676
524,Л. Смілянський,1,0.00038491147036181676
525,Л. Ф. Кондухович,1,0.00038491147036181676
526,Л. Ю. Брауде,5,0.001924557351809084
527,Л. Я. Хаустова,1,0.00038491147036181676
528,Лаура Виролайнен,1,0.00038491147036181676
529,Лев Вершинин,1,0.00038491147036181676
530,Лев Соловей,1,0.00038491147036181676
531,Лео Вайно,1,0.00038491147036181676
532,Леонід Кононович,1,0.00038491147036181676
533,Леся Українка,3,0.0011547344110854503
534,Леся Українка,4,0.001539645881447267
535,Леў Салавей,1,0.00038491147036181676
536,Лиляна Минкова,2,0.0007698229407236335
537,Людмил Стоянов,1,0.00038491147036181676
538,Людмила Іванникова,1,0.00038491147036181676
539,Людмила Бубей,1,0.00038491147036181676
540,Людмила Кремнева,4,0.001539645881447267
541,Людмила Синянская,1,0.00038491147036181676
542,Людмила Эргле,1,0.00038491147036181676
543,М. Ілляш,1,0.00038491147036181676
544,М. Абкина,1,0.00038491147036181676
545,М. Авдокушина,1,0.00038491147036181676
546,М. Афремович,1,0.00038491147036181676
547,М. Барон,1,0.00038491147036181676
548,М. Бессараб,1,0.00038491147036181676
549,М. Бирюков,1,0.00038491147036181676
550,М. Богословская,4,0.001539645881447267
551,М. Білорус,2,0.0007698229407236335
552,М. В. Стрелецкая,1,0.00038491147036181676
553,М. Волосов,4,0.001539645881447267
554,М. Вороний,1,0.00038491147036181676
555,М. Горбачёв,6,0.0023094688221709007
556,М. Горбачёв,4,0.001539645881447267
557,М. Дадян,1,0.00038491147036181676
558,М. Долотцева,1,0.00038491147036181676
559,М. Донской,1,0.00038491147036181676
560,М. Е. Абкина,1,0.00038491147036181676
561,М. Е. Тевелев,1,0.00038491147036181676
562,М. Жуков,1,0.00038491147036181676
563,М. Зенкевич,1,0.00038491147036181676
564,М. И. Клягина-Кондратьева,1,0.00038491147036181676
565,М. Каменкович,1,0.00038491147036181676
566,М. Кан,2,0.0007698229407236335
567,М. Ковалева,1,0.00038491147036181676
568,М. Кудрявцева,1,0.00038491147036181676
569,М. Кузмин,1,0.00038491147036181676
570,М. Л. Аннинская,1,0.00038491147036181676
571,М. Лорие,2,0.0007698229407236335
572,М. Маяков,1,0.00038491147036181676
573,М. Мейлах,2,0.0007698229407236335
574,М. Н. Чуковская,1,0.00038491147036181676
575,М. Немкевич,4,0.001539645881447267
576,М. Ольшанская,1,0.00038491147036181676
577,М. П. Богословская,1,0.00038491147036181676
578,М. Пилинська,1,0.00038491147036181676
579,М. Рильський,2,0.0007698229407236335
580,М. С. Конобеева,2,0.0007698229407236335
581,М. Спивак,1,0.00038491147036181676
582,М. Стеблина,1,0.00038491147036181676
583,М. Стельмах,1,0.00038491147036181676
584,М. Талов,2,0.0007698229407236335
585,М. Фресина,1,0.00038491147036181676
586,М. Ходоровский,1,0.00038491147036181676
587,М. Ш. Барбакадзе,1,0.00038491147036181676
588,М. Шамбадал,1,0.00038491147036181676
589,М. Шумило,4,0.001539645881447267
590,Мiкола Татур,1,0.00038491147036181676
591,Максім Лужанін,2,0.0007698229407236335
592,Маргарита Былинкина,1,0.00038491147036181676
593,Маргарита Златарова,1,0.00038491147036181676
594,Марина Гасанова-Мийат,1,0.00038491147036181676
595,Мария Пригара,3,0.0011547344110854503
596,Марко Вовчок,15,0.005773672055427252
597,Марія Познанська,5,0.001924557351809084
598,Милан Асадуров,1,0.00038491147036181676
599,Мильда Михалева,2,0.0007698229407236335
600,Минка Златанова,1,0.00038491147036181676
601,Михайло Зяблюк,14,0.005388760585065435
602,Михаил Алексеев,1,0.00038491147036181676
603,Михаил Кононов,1,0.00038491147036181676
604,Михаил Степанов,3,0.0011547344110854503
605,Мікола Гіль,2,0.0007698229407236335
606,Міхась Стральцоў,1,0.00038491147036181676
607,Н. А. Бать,1,0.00038491147036181676
608,Н. Б. Маркович,1,0.00038491147036181676
609,Н. Войтинская,1,0.00038491147036181676
610,Н. Волжина,6,0.0023094688221709007
611,Н. Воробьева,2,0.0007698229407236335
612,Н. Высоцкая,1,0.00038491147036181676
613,Н. Габинский,1,0.00038491147036181676
614,Н. Грибанов,1,0.00038491147036181676
615,Н. Д. Вольпин,2,0.0007698229407236335
616,Н. Давыдова,1,0.00038491147036181676
617,Н. Дарузес,5,0.001924557351809084
618,Н. Демурова,2,0.0007698229407236335
619,Н. Дехтерева,4,0.001539645881447267
620,Н. Жаркова,1,0.00038491147036181676
621,Н. К. Белякова,2,0.0007698229407236335
622,Н. К. Тренева,2,0.0007698229407236335
623,Н. К. Чуковский,2,0.0007698229407236335
624,Н. Кара-Мурза,1,0.00038491147036181676
625,Н. Касаткина,2,0.0007698229407236335
626,Н. Коган,1,0.00038491147036181676
627,Н. Колпаков,1,0.00038491147036181676
628,Н. Крючкова,1,0.00038491147036181676
629,Н. Кузнецова,1,0.00038491147036181676
630,Н. Л. Емельянникова,1,0.00038491147036181676
631,Н. Ляшко,25,0.00962278675904542
632,Н. Ман,2,0.0007698229407236335
633,Н. Махлаюк,1,0.00038491147036181676
634,Н. Медведев,1,0.00038491147036181676
635,Н. Модзелевская,3,0.0011547344110854503
636,Н. Н. Федорова,8,0.003079291762894534
637,Н. Нолле-Коган,2,0.0007698229407236335
638,Н. Осьмак,1,0.00038491147036181676
639,Н. Потаюк,2,0.0007698229407236335
640,Н. Рахманова,3,0.0011547344110854503
641,Н. Рачинская,1,0.00038491147036181676
642,Н. Рейн,1,0.00038491147036181676
643,Н. Рыкова,1,0.00038491147036181676
644,Н. Савинков,1,0.00038491147036181676
645,Н. Сардрова,1,0.00038491147036181676
646,Н. Смирнова,1,0.00038491147036181676
647,Н. Ушаков,121,0.04657428791377983
648,Н. Чуковский,1,0.00038491147036181676
649,Н. Шаховская,1,0.00038491147036181676
650,Н. Я. Подольская,1,0.00038491147036181676
651,Наталья Колесова,1,0.00038491147036181676
652,Наталя Білоцерківець,1,0.00038491147036181676
653,Наталя Майстренко,1,0.00038491147036181676
654,Наталя Рогаля,1,0.00038491147036181676
655,Наталія Дев'ятко,1,0.00038491147036181676
656,Нелли Закусина,1,0.00038491147036181676
657,Николай Данилов,1,0.00038491147036181676
658,Николай Любимов,1,0.00038491147036181676
659,Нина Шульгина,1,0.00038491147036181676
660,Ноель Даат,1,0.00038491147036181676
661,Нора Галь,3,0.0011547344110854503
662,О. А. Варшавер,1,0.00038491147036181676
663,О. Васильев,1,0.00038491147036181676
664,О. Гончар,1,0.00038491147036181676
665,О. Кацай,1,0.00038491147036181676
666,О. Коваленко,1,0.00038491147036181676
667,О. Н. Мяэотс,1,0.00038491147036181676
668,О. Равченко,1,0.00038491147036181676
669,О. Сорока,1,0.00038491147036181676
670,Оксана Іваненко,1,0.00038491147036181676
671,Олег Романчук,1,0.00038491147036181676
672,Ольга Ерёмина,9,0.003464203233256351
673,Ольга Самма,1,0.00038491147036181676
674,Осип Зінкевич і Микола Француженко,1,0.00038491147036181676
675,Остап Вишня,2,0.0007698229407236335
676,П. Антокольский,1,0.00038491147036181676
677,П. Зенкевич,3,0.0011547344110854503
678,П. Карабан,11,0.004234026173979984
679,П. Макинцян,1,0.00038491147036181676
680,П. Мелкова,1,0.00038491147036181676
681,П. Морозов,1,0.00038491147036181676
682,П. Охрименко,1,0.00038491147036181676
683,П. Ящук,3,0.0011547344110854503
684,Пантелеймон Кулiш,1,0.00038491147036181676
685,Пере Роман,1,0.00038491147036181676
686,Петр Богатырев,4,0.001539645881447267
687,Р. Гальперина,2,0.0007698229407236335
688,Р. Е. Облонская,1,0.00038491147036181676
689,Р. Заславский,3,0.0011547344110854503
690,Р. Линцер,1,0.00038491147036181676
691,Р. Лиша,1,0.00038491147036181676
692,Р. Райт-Ковалёва,1,0.00038491147036181676
693,Р. Райт-Ковалева,3,0.0011547344110854503
694,Р. Рубина,1,0.00038491147036181676
695,Р. Рыбакова,1,0.00038491147036181676
696,Р. Хлодовский,2,0.0007698229407236335
697,Р. Эйвадис,1,0.00038491147036181676
698,Райчо Русев,1,0.00038491147036181676
699,Раиса Золотова,2,0.0007698229407236335
700,Ренат Мухамеджанов,1,0.00038491147036181676
701,Росица Бърдарска,1,0.00038491147036181676
702,Рустем Нурыев,1,0.00038491147036181676
703,Рычард Саматыя,2,0.0007698229407236335
704,"С 25 марта ""Белавиа"" переходит на летнее расписание рейсов",1,0.00038491147036181676
705,С. Алексеев,1,0.00038491147036181676
706,С. Белов,1,0.00038491147036181676
707,С. Борисов,1,0.00038491147036181676
708,С. В. Штерн,1,0.00038491147036181676
709,С. Васильченко,1,0.00038491147036181676
710,С. Григорьева,1,0.00038491147036181676
711,С. Зенкин,1,0.00038491147036181676
712,С. Ильин,15,0.005773672055427252
713,С. К. Апт,2,0.0007698229407236335
714,С. Крыжанивский,1,0.00038491147036181676
715,С. Мануков,1,0.00038491147036181676
716,С. Марков,1,0.00038491147036181676
717,С. Родов,1,0.00038491147036181676
718,С. С. Павловський,1,0.00038491147036181676
719,С. Свободина,2,0.0007698229407236335
720,С. Свяцкий,1,0.00038491147036181676
721,С. Скляренко,1,0.00038491147036181676
722,С. Скорвид,1,0.00038491147036181676
723,С. Слободянюк,1,0.00038491147036181676
724,С. Таска,1,0.00038491147036181676
725,С. Тихвинский,1,0.00038491147036181676
726,С. Фридлянд,1,0.00038491147036181676
727,С. Шегель,12,0.004618937644341801
728,С. Я. Бобров,1,0.00038491147036181676
729,Сергей Цебаковский,10,0.003849114703618168
730,Сергей Шервинский,1,0.00038491147036181676
731,Симеон Владимиров,1,0.00038491147036181676
732,Скина Ваф,1,0.00038491147036181676
733,София Бранц,1,0.00038491147036181676
734,Стоян Бакърджиев,1,0.00038491147036181676
735,Сяржук Мядзведзеў,1,0.00038491147036181676
736,Т. А. Величко,2,0.0007698229407236335
737,Т. В. Доброницкая,1,0.00038491147036181676
738,Т. Горбачева,1,0.00038491147036181676
739,Т. Д. Венедиктова,1,0.00038491147036181676
740,Т. Зарицкая,3,0.0011547344110854503
741,Т. Иллеш,2,0.0007698229407236335
742,Т. Корнеева-Мацейнене,1,0.00038491147036181676
743,Т. Кудрявцева,1,0.00038491147036181676
744,Т. М. Линденер,1,0.00038491147036181676
745,Т. Озерская,1,0.00038491147036181676
746,Т. Полякова,1,0.00038491147036181676
747,Т. Шабаева,1,0.00038491147036181676
748,Т. Шамякина,6,0.0023094688221709007
749,Т. Шинкарь,1,0.00038491147036181676
750,Татьяна Стамова,1,0.00038491147036181676
751,Татьяна Теппе,1,0.00038491147036181676
752,Таццяна Команава,1,0.00038491147036181676
753,Тертту Викстрем,1,0.00038491147036181676
754,У. Арлоў,1,0.00038491147036181676
755,Ф. В. Домбровский,1,0.00038491147036181676
756,Ф. Двин,2,0.0007698229407236335
757,Ф. Дектор,4,0.001539645881447267
758,Ф. Зайбель,1,0.00038491147036181676
759,Ф. Кравченко,2,0.0007698229407236335
760,Ф. Мерас,3,0.0011547344110854503
761,Христо Радевски,2,0.0007698229407236335
762,Ч. Гомбоин,1,0.00038491147036181676
763,Э. Венгерова,1,0.00038491147036181676
764,Э. Казакевич,1,0.00038491147036181676
765,Э. Линецкая,1,0.00038491147036181676
766,Э. Люберацкая,1,0.00038491147036181676
767,Эд. Корпачев,4,0.001539645881447267
768,Эйно Карху,1,0.00038491147036181676
769,Ю. Афонькин,1,0.00038491147036181676
770,Ю. Барабаш,1,0.00038491147036181676
771,Ю. Вейсберг,1,0.00038491147036181676
772,Ю. Винничук,1,0.00038491147036181676
773,Ю. И. Коринец,1,0.00038491147036181676
774,Ю. Лоцманенко,1,0.00038491147036181676
775,Ю. Мокрієв,2,0.0007698229407236335
776,Ю. С. Каппе,34,0.01308698999230177
777,Ю. Светланов,1,0.00038491147036181676
778,Ю. Чайников,1,0.00038491147036181676
779,Ю. Я. Яхнина,3,0.0011547344110854503
780,Ю. Ярмыш,1,0.00038491147036181676
781,Юлия Андреева,1,0.00038491147036181676
782,Юлия Пенева-Павлова,1,0.00038491147036181676
783,Юрий Абызов,1,0.00038491147036181676
784,Юрий Абызов,5,0.001924557351809084
785,Я. Лесюк,1,0.00038491147036181676
786,Я. Скрыган,3,0.0011547344110854503
787,Я. Шуман,2,0.0007698229407236335
788,Якуб Лапатка,3,0.0011547344110854503
789,Ярина Голуб,1,0.00038491147036181676
790,Աթայան Ա. / Šahumyan St.,1,0.00038491147036181676
791,Բաբիյան Ս. / Babiyan S.,1,0.00038491147036181676
792,Բեյլերյան Հրաչյա / Beyleryan Hrač‘ya,2,0.0007698229407236335
793,Գեւորգյան Մ. / Geworgyan M.,1,0.00038491147036181676
794,Եսայան Դորա / Esayan Dora,3,0.0011547344110854503
795,Եսայան Վ. / Esayan V.,1,0.00038491147036181676
796,Զորյան Ստեփան / Zoryan Step‘an,1,0.00038491147036181676
797,Հովհաննիսյան Արմեն / Hovhannisyan Armen,2,0.0007698229407236335
798,Հովսեփյան Ռ. / Hovsep‘yan Ŕ.,1,0.00038491147036181676
799,Մազմանյան Ա. / Mazmanyan A.,1,0.00038491147036181676
800,Մկրտչյան Կ. / Mkrtč‘yan K.,1,0.00038491147036181676
801,Նար-Դոս / Nar-Dos,2,0.0007698229407236335
802,Շահումյան Ստ.,1,0.00038491147036181676
803,Վարդապետյան Ա. / Vardapetyan A.,3,0.0011547344110854503
804,Տեր-Հովնանյան Ա. / Ter-Hovnanyan A.,1,0.00038491147036181676
805,Տեր-Մինասյան Երվանդ / Ter-Minasyan Ervand,1,0.00038491147036181676
806,Ֆելեքյան Հ. / Felek‘yan H.,1,0.00038491147036181676
807,奉真 / Feng Zhen,1,0.00038491147036181676
808,巴金 / Ba Jin,1,0.00038491147036181676
809,汝龙 / Ru Long,1,0.00038491147036181676
810,石国雄 / Shi Guoxiong,1,0.00038491147036181676
